model,backend,n_prompts,n_rows,mean_service_time_s_weighted,service_rate_mu_rps,service_time_p50_s,service_time_p90_s,service_rate_p50_rps,ttft_p50_s,e2e_toks_per_s_p50,decode_toks_per_s_p50,total_cost_usd_p50,total_cost_usd_mean
mistral-medium-3.5,mistral,1,1,3.290362042374909,0.3039179236574899,3.290362042374909,3.290362042374909,0.3039179236574899,,49.23470363251336,49.23470363251336,0.0012569999999999999,0.0012569999999999999
