{"training_completed":true,"policy_loss":0.00029670225679486367,"valid_action_rate":1,"total_episodes":200,"episode":195,"final_std_reward":9.806166241641469,"final_avg_latency":1.0391599200206367,"total_requests_created":70,"eval_completed_requests":168,"avg_quality_score":1.2834428046256425,"eval_server_1_utilization":0.49333333333333335,"avg_step_reward":1.4602593001924293,"valid_actions":50,"gradients/critic.2.bias":{"_type":"histogram","values":[1],"bins":[-3.4958853721618652,-3.4958853721618652]},"recent_20_avg_reward":152.1253272770601,"gradients/shared_layers.2.weight":{"values":[2,4,5,9,11,18,21,30,38,42,63,65,95,103,145,183,218,272,296,352,406,476,576,694,769,877,1012,1081,1185,1385,1481,1596,1734,1850,2029,2180,2252,2478,2596,2871,2985,3195,3466,3726,3907,4065,4107,4402,4372,4577,4735,5012,5171,5368,5267,5359,5309,5386,5175,5077,4739,4345,8665,122234],"bins":[-0.19964443147182465,-0.19652332365512848,-0.1934022158384323,-0.19028112292289734,-0.18716001510620117,-0.184038907289505,-0.18091779947280884,-0.17779669165611267,-0.1746755838394165,-0.17155449092388153,-0.16843338310718536,-0.1653122752904892,-0.16219116747379303,-0.15907005965709686,-0.1559489667415619,-0.15282785892486572,-0.14970675110816956,-0.1465856432914734,-0.14346453547477722,-0.14034344255924225,-0.13722233474254608,-0.13410122692584991,-0.13098011910915375,-0.12785901129245758,-0.12473791092634201,-0.12161680310964584,-0.11849570274353027,-0.1153745949268341,-0.11225348711013794,-0.10913238674402237,-0.1060112789273262,-0.10289017856121063,-0.09976907819509506,-0.0966479703783989,-0.09352686256170273,-0.09040576219558716,-0.08728465437889099,-0.08416354656219482,-0.08104244619607925,-0.07792133837938309,-0.07480023801326752,-0.07167913019657135,-0.06855802237987518,-0.06543692201375961,-0.062315814197063446,-0.05919471010565758,-0.05607360601425171,-0.05295249819755554,-0.04983139410614967,-0.046710290014743805,-0.043589185923337936,-0.04046807810664177,-0.0373469740152359,-0.03422586992383003,-0.031104763969779015,-0.027983659878373146,-0.02486255392432213,-0.02174144983291626,-0.018620343878865242,-0.015499238856136799,-0.012378133833408356,-0.009257028810679913,-0.006135924253612757,-0.00301481899805367,0.00010628599557094276],"_type":"histogram"},"eval_avg_latency":1.0158397141145852,"value_loss":58.21904627482096,"min_latency":0.5436726875682949,"std_latency":0.2206322379375085,"gradients/shared_layers.2.bias":{"values":[1,2,1,1,1,4,4,3,3,4,5,5,4,13,7,15,10,12,11,11,9,13,24,19,19,11,8,13,12,7,10,7,5,9,7,4,6,3,5,4,2,3,2,2,3,2,0,1,1,0,0,0,0,2,1,0,0,1,0,1,1,2,2,174],"bins":[-0.35266464948654175,-0.3471493124961853,-0.34163400530815125,-0.3361186683177948,-0.33060336112976074,-0.3250880241394043,-0.31957268714904785,-0.3140573799610138,-0.30854204297065735,-0.3030267357826233,-0.29751139879226685,-0.2919960618019104,-0.28648075461387634,-0.2809654176235199,-0.27545008063316345,-0.2699347734451294,-0.26441943645477295,-0.2589041292667389,-0.25338879227638245,-0.2478734701871872,-0.24235814809799194,-0.2368428111076355,-0.23132748901844025,-0.225812166929245,-0.22029684484004974,-0.2147815227508545,-0.20926618576049805,-0.2037508636713028,-0.19823554158210754,-0.1927202194929123,-0.18720488250255585,-0.1816895604133606,-0.17617425322532654,-0.1706589311361313,-0.16514359414577484,-0.1596282720565796,-0.15411294996738434,-0.1485976278781891,-0.14308229088783264,-0.1375669687986374,-0.13205164670944214,-0.1265363246202469,-0.12102099508047104,-0.11550567299127579,-0.10999034345149994,-0.10447502136230469,-0.09895969182252884,-0.09344436973333359,-0.08792904019355774,-0.08241371810436249,-0.07689839601516724,-0.07138306647539139,-0.06586774438619614,-0.06035241857171059,-0.05483709275722504,-0.04932176694273949,-0.04380644112825394,-0.03829111531376839,-0.03277578949928284,-0.027260465547442436,-0.021745139732956886,-0.016229813918471336,-0.010714489035308361,-0.005199163220822811,0.0003161620697937906],"_type":"histogram"},"episode_reward":160.848070362073,"eval_server_0_utilization":0.8033333333333333,"_runtime":192.866922238,"_wandb":{"runtime":192},"eval_mean_reward":153.4547253980691,"server_1_action_rate":0.3,"episode_length":50,"cumulative_reward":28985.289866450545,"invalid_action_rate":0,"gradients/shared_layers.0.bias":{"bins":[-1.161499261856079,-1.1433508396148682,-1.1252024173736572,-1.1070539951324463,-1.0889055728912354,-1.0707571506500244,-1.0526087284088135,-1.0344603061676025,-1.0163118839263916,-0.9981634020805359,-0.980014979839325,-0.961866557598114,-0.9437181353569031,-0.9255697131156921,-0.9074212908744812,-0.8892728686332703,-0.8711244463920593,-0.8529760241508484,-0.8348276019096375,-0.8166791796684265,-0.7985307574272156,-0.7803823351860046,-0.7622339129447937,-0.7440854907035828,-0.725937008857727,-0.7077885866165161,-0.6896401643753052,-0.6714917421340942,-0.6533433198928833,-0.6351948976516724,-0.6170464754104614,-0.5988980531692505,-0.5807496309280396,-0.5626012086868286,-0.5444527864456177,-0.5263043642044067,-0.5081559419631958,-0.4900074899196625,-0.47185906767845154,-0.4537106454372406,-0.43556222319602966,-0.4174138009548187,-0.3992653787136078,-0.38111695647239685,-0.3629685044288635,-0.3448200821876526,-0.32667165994644165,-0.3085232377052307,-0.2903748154640198,-0.27222639322280884,-0.2540779709815979,-0.23592953383922577,-0.21778111159801483,-0.1996326893568039,-0.18148425221443176,-0.16333582997322083,-0.1451874077320099,-0.12703898549079895,-0.10889055579900742,-0.09074212610721588,-0.07259370386600494,-0.05444527789950371,-0.03629685193300247,-0.018148425966501236,0],"_type":"histogram","values":[3,0,4,1,4,1,2,5,7,8,8,6,15,13,10,8,10,7,17,11,16,11,12,21,6,14,13,12,18,20,12,13,17,13,9,10,7,7,1,7,7,2,2,2,2,2,4,1,3,5,0,7,1,4,3,6,6,9,5,7,4,9,5,37]},"eval_avg_quality":1.2588862062628803,"eval_std_reward":12.049288690509194,"server_1_actions":15,"entropy_loss":-0.16946336875359216,"gradients/actor.2.weight":{"bins":[-0.007866532541811466,-0.007620703428983688,-0.0073748743161559105,-0.007129045203328133,-0.006883216090500355,-0.006637386977672577,-0.006391557864844799,-0.006145728752017021,-0.005899899639189243,-0.005654070060700178,-0.0054082409478724,-0.005162411835044622,-0.0049165827222168446,-0.004670753609389067,-0.004424924496561289,-0.004179095383733511,-0.003933266270905733,-0.0036874371580779552,-0.0034416080452501774,-0.0031957789324223995,-0.0029499498195946217,-0.0027041204739362,-0.0024582913611084223,-0.0022124622482806444,-0.0019666331354528666,-0.0017208040226250887,-0.0014749749097973108,-0.0012291456805542111,-0.0009833165677264333,-0.0007374874548986554,-0.0004916582838632166,-0.0002458291419316083,0,0.0002458291419316083,0.0004916582838632166,0.0007374874548986554,0.0009833165677264333,0.0012291456805542111,0.0014749749097973108,0.0017208040226250887,0.0019666331354528666,0.0022124622482806444,0.0024582913611084223,0.0027041204739362,0.0029499498195946217,0.0031957789324223995,0.0034416080452501774,0.0036874371580779552,0.003933266270905733,0.004179095383733511,0.004424924496561289,0.004670753609389067,0.0049165827222168446,0.005162411835044622,0.0054082409478724,0.005654070060700178,0.005899899639189243,0.006145728752017021,0.006391557864844799,0.006637386977672577,0.006883216090500355,0.007129045203328133,0.0073748743161559105,0.007620703428983688,0.007866532541811466],"_type":"histogram","values":[2,1,0,1,0,3,2,1,1,0,0,0,2,2,2,4,1,4,4,0,6,7,7,3,7,5,14,6,9,14,24,70,178,24,14,9,6,14,5,7,3,7,7,6,0,4,4,1,4,2,2,2,0,0,0,1,1,2,3,0,1,0,1,2]},"gradients/shared_layers.0.weight":{"_type":"histogram","values":[2,1,4,2,3,1,3,5,7,6,8,11,12,15,8,9,8,13,14,13,13,11,16,13,11,17,12,17,17,9,14,15,22,13,16,13,19,19,30,25,26,33,27,34,28,32,43,28,26,20,9,10,8,9,11,19,72,97,176,251,193,71,34532,162434],