{
  "config": {
    "model_id": "stable-diffusion-v1-5/stable-diffusion-v1-5",
    "prompt": "a red fox in snow, cinematic, highly detailed",
    "negative_prompt": "",
    "output_dir": "runs/parallel_local_sd15",
    "height": 512,
    "width": 512,
    "num_inference_steps": 256,
    "num_macro_steps": 16,
    "guidance_scale": 7.5,
    "seed": 123,
    "device": "cuda",
    "dtype": "float16",
    "tau": 0.02,
    "save_images": true
  },
  "baseline_stats": {
    "unet_calls": 256.0,
    "wall_time_sec": 9.23590755648911
  },
  "draft_stats": {
    "unet_calls": 16.0
  },
  "verify_stats": {
    "unet_calls": 16.0,
    "accepted_blocks": 14.0,
    "rejected_blocks": 2.0,
    "accepted_steps": 224.0,
    "rejected_steps": 32.0,
    "batched_verify_unet_calls": 16.0,
    "wall_time_sec": 8.324860019609332,
    "accept_rate": 0.875,
    "macro_block_size": 16.0
  },
  "block_errors": [
    0.01146473828703165,
    0.017640473321080208,
    0.021240154281258583,
    0.00849154032766819,
    0.00835374929010868,
    0.007850016467273235,
    0.006522494833916426,
    0.007567278109490871,
    0.007272755727171898,
    0.006439175922423601,
    0.0054901414550840855,
    0.005464689340442419,
    0.005927457474172115,
    0.007172415032982826,
    0.010808528400957584,
    0.04402418062090874
  ],
  "summary": {
    "baseline_unet_calls": 256.0,
    "coarse_draft_unet_calls": 16.0,
    "parallel_verify_unet_calls": 16.0,
    "total_parallel_local_unet_calls": 32.0,
    "call_ratio_total_over_baseline": 0.125,
    "baseline_time_sec": 9.23590755648911,
    "coarse_draft_time_sec": 0.5838837213814259,
    "parallel_verify_time_sec": 8.324860019609332,
    "total_parallel_local_time_sec": 8.908743740990758,
    "time_ratio_total_over_baseline": 0.9645769716189408,
    "coarse_draft_final_rel_error_vs_baseline": 0.2759820631901755,
    "local_commit_final_rel_error_vs_baseline": 0.2652532302999787,
    "unet_calls": 16.0,
    "accepted_blocks": 14.0,
    "rejected_blocks": 2.0,
    "accepted_steps": 224.0,
    "rejected_steps": 32.0,
    "batched_verify_unet_calls": 16.0,
    "wall_time_sec": 8.324860019609332,
    "accept_rate": 0.875,
    "macro_block_size": 16.0
  }
}