{
  "config": {
    "model_id": "stable-diffusion-v1-5/stable-diffusion-v1-5",
    "prompt": "a red fox in snow, cinematic, highly detailed",
    "negative_prompt": "",
    "output_dir": "runs/online_sd15",
    "height": 512,
    "width": 512,
    "num_inference_steps": 256,
    "num_macro_steps": 8,
    "guidance_scale": 7.5,
    "seed": 123,
    "device": "cuda",
    "dtype": "float16",
    "tau": 0.05,
    "save_images": true
  },
  "baseline_stats": {
    "unet_calls": 256.0,
    "wall_time_sec": 9.164285890758038
  },
  "spec_stats": {
    "unet_calls": 264.0,
    "draft_unet_calls": 8.0,
    "verify_unet_calls": 256.0,
    "accepted_blocks": 6.0,
    "rejected_blocks": 2.0,
    "accepted_steps": 192.0,
    "rejected_steps": 64.0,
    "wall_time_sec": 9.476672179996967,
    "accept_rate": 0.75,
    "macro_block_size": 32.0
  },
  "block_errors": [
    0.042291654512385125,
    0.05023005073330718,
    0.03121466863667504,
    0.026289220172859055,
    0.027835123617286944,
    0.022552877347973885,
    0.026980442055907664,
    0.09270354120079737
  ],
  "summary": {
    "final_rel_error_vs_baseline": 0.3091095008353467,
    "baseline_unet_calls": 256.0,
    "spec_unet_calls": 264.0,
    "unet_call_ratio_spec_over_base": 1.03125,
    "baseline_time_sec": 9.164285890758038,
    "spec_time_sec": 9.476672179996967,
    "time_ratio_spec_over_base": 1.0340873574834635,
    "unet_calls": 264.0,
    "draft_unet_calls": 8.0,
    "verify_unet_calls": 256.0,
    "accepted_blocks": 6.0,
    "rejected_blocks": 2.0,
    "accepted_steps": 192.0,
    "rejected_steps": 64.0,
    "wall_time_sec": 9.476672179996967,
    "accept_rate": 0.75,
    "macro_block_size": 32.0
  }
}